name,description
Urrea,
Mendoza,
Bostitch,
Neiko,
Urrea Tecnologia Agua,
Bosch,
FCP Americana,
Alba Marcel,
Klein Tools,
Surtek,
Goni,
Dewalt,
Stanley,
Black And Decker,
Dica,
Exclusivas,
OBI,
Coleman,
Tramontina,
Gearwrench,
Lock,
Bardahl,
Contigo,
Irwin,
Peldanos,
Multimport,
Weller,
Werner,
Noval Basculas,
Dremel,
Skil,
Kingsman,
Servicios,
Osram,
Makita,
SaddleBaby,
Namaro Design,
Store It,
Macon,
Shaba,
Doggy House,
Envios,
Sia,
Industrias AG,
Patino,
Plasticos Alex,
Brandgap,
Shop Vac,
Intex,
Soyoung,
Envios / Entregas,
Combos,
Dibatec,
Mode Hoist,
Rhino,
Ujueta,
Bosch Termotecnologia,
Idea Fitness,
Delher,
Gastos,
Avante,
Refacciones Stanle Black and Decker Dewalt,
Lanificio del Piero,
IUSA,
Redbo,
Gram-Bel,
By Pure,
Clean Power,
GASTO,
Crown Baccara,
Owgels,
Roux,
Bosch Saldos,
Bestway,
Game Power,
Ramati,
Honeywell Home,
Fulfillment,
Reacondicionado,
Loox,
Tuft,
Hanma,
Lufkin,
Yankon,
Elmers,
Nicholson,
Jacobs,
Campbell,
Toughbuilt,
Hyundai,
Husky,
Libbey,
Beeman,
Bergen,
Paqueterias,
Memory Foam,
Minelab,
KingsHouse,
KingSports,
ViendoTEntiendo,
Fiat,
Rork,
aegmex,
INGCO,
ColorHome,
Synergy,
Igoto,
ColorDreams,
Todos,
Kerher,
color,
